hash,block_number,timestamp,from_address,to_address,value_eth,fee_eth,status,tx_type,method
0x47223a920c214b38bea1646734a2ad8fe5af5ff3d395c1ab4fe83a890b8013a7,24507269,2026-02-21 19:15:35,0xF8fc9A91349eBd2033d53F2B97245102f00ABa96,0xd8dA6BF26964aF9D7eEd9e03E53415D37aA96045,5.05e-05,2.1947297171482e-05,ok,coin_transfer,
0xf785ec7ad1a98986091692f1a3ff558f27508a3023229df937cf3d96d44700de,24486736,2026-02-18 22:33:11,0x159cf78AfdbBAC12E34cd80EE8e3Ea6a636a107C,0xd8dA6BF26964aF9D7eEd9e03E53415D37aA96045,1e-15,1.08696074554e-06,ok,coin_transfer,
0xb20db7e11c5efb16d18e165f21fd07bfc753814de800697a6a7f88e3c05af384,24477825,2026-02-17 16:44:23,0xEbA88149813BEc1cCcccFDb0daCEFaaa5DE94cB1,0xd8dA6BF26964aF9D7eEd9e03E53415D37aA96045,0.00529127,2.1062e-05,ok,coin_transfer,
0xaaee8bf6e39e59c8ea73b72f5845d201c77e1b11dc71166bbffe699c66aaebdd,24475035,2026-02-17 07:23:59,0xF0E9286CfCB75c94ac19E99bCD93D814da55e304,0xd8dA6BF26964aF9D7eEd9e03E53415D37aA96045,9.992e-07,1.012071165e-06,error,coin_transfer,
0x9e6639a029419f62ec7272590260737dc4ab7295701dba27ae0bad62050f981d,24472762,2026-02-16 23:47:23,0xd8dA6BF26964aF9D7eEd9e03E53415D37aA96045,0xf20784fB0047fE897919B1cd4264daD364C9D5a3,0.0,3.352298151954e-06,ok,contract_call,execTransaction
0x8a2e2f289a9d93d25ada33c3e010d019649a73acaf6166f287a7cc058b0565b4,24468249,2026-02-16 08:40:59,0x3fe1ff4AE506529d2961f24046e246817cf77Fc4,0xd8dA6BF26964aF9D7eEd9e03E53415D37aA96045,1e-09,7.08600787092e-07,ok,coin_transfer,
0xb53e0db74881ddc6a7ab765b8132a3d0f75ff9674098ac0b9dadfe560efda7f7,24468223,2026-02-16 08:35:47,0x3fe1ff4AE506529d2961f24046e246817cf77Fc4,0xd8dA6BF26964aF9D7eEd9e03E53415D37aA96045,1e-09,7.10329261184e-07,ok,coin_transfer,
0xa733ff05dfc20f2c8b2cb9f07d1dff5d41ba674acdcb08cb57164f7c93e71f44,24466681,2026-02-16 03:26:11,0x797046871a75527dE3F62eE50a7321F95a617539,0xd8dA6BF26964aF9D7eEd9e03E53415D37aA96045,0.0003,2.1765413637732e-05,ok,coin_transfer,
0x99a585a0de6dd852aea3fd88b660ede2373743c41dd620aa45d896fdfbbb2a5a,24464759,2026-02-15 21:01:11,0xAc45129F704fb0024e7Cc589D962408103512A07,0xd8dA6BF26964aF9D7eEd9e03E53415D37aA96045,1e-05,7.53335780046e-07,ok,coin_transfer,
0xe22ec8899a7b6128e7a0f194320a4ca1915e1532f5216bdfd10ab43b19c486c9,24453755,2026-02-14 08:12:47,0xd1103b7C4e9Bf7b9627CB2d1366B510A66c92B83,0xd8dA6BF26964aF9D7eEd9e03E53415D37aA96045,0.000148564193257738,1.22309750998e-06,ok,coin_transfer,
0x4a8913adf8dcb69a537601d4b7969545f50f253e2ccd4f09db82f4863f56ed1f,24453437,2026-02-14 07:08:59,0x3fe1ff4AE506529d2961f24046e246817cf77Fc4,0xd8dA6BF26964aF9D7eEd9e03E53415D37aA96045,1e-09,1.065571105068e-06,ok,coin_transfer,
0xa3003812905c167fa46359e4898dbd1cca3adad3e3748c4d6eaa26123d9d6953,24453416,2026-02-14 07:04:47,0x3fe1ff4AE506529d2961f24046e246817cf77Fc4,0xd8dA6BF26964aF9D7eEd9e03E53415D37aA96045,1e-09,9.90638890854e-07,ok,coin_transfer,
0x86ea2ab68bbb6f05f8b0b7cae0d11c67c6e3eedf3440a136f5a0bb0024edfb85,24453323,2026-02-14 06:46:11,0x3fe1ff4AE506529d2961f24046e246817cf77Fc4,0xd8dA6BF26964aF9D7eEd9e03E53415D37aA96045,1e-09,8.03749214572e-07,ok,coin_transfer,
0xb10bf9cc5b1930c4034f494467e44af0f62c54b3a97f134beaf8d71936354a5d,24453288,2026-02-14 06:39:11,0x3fe1ff4AE506529d2961f24046e246817cf77Fc4,0xd8dA6BF26964aF9D7eEd9e03E53415D37aA96045,1e-09,8.07274256202e-07,ok,coin_transfer,
0x20603da71d9f533f3ada71c4500255d268f4df53bdcf5b7031da6466cb696743,24433095,2026-02-11 11:00:59,0x406d78220203D44e89F02633f12F1F68e8B2CDbc,0xd8dA6BF26964aF9D7eEd9e03E53415D37aA96045,1e-08,2.45474897404e-06,ok,coin_transfer,0x607cf238
0x0230b5e0a710598d72157e65de0729c67d9a584fa91291837adcc3d917070555,24433087,2026-02-11 10:59:23,0x406E728Afa900C7ecba956314EE91d2B0D6FCdBc,0xd8dA6BF26964aF9D7eEd9e03E53415D37aA96045,0.0,2.133434814e-06,error,contract_call,
0xa1dbda2c0554a599136eee7bf623d7c1f42cfea4abcbd47e3192b8240360fefd,24433087,2026-02-11 10:59:23,0x406d78220203D44e89F02633f12F1F68e8B2CDbc,0xd8dA6BF26964aF9D7eEd9e03E53415D37aA96045,1e-08,2.53148586144e-06,ok,coin_transfer,0xecc682f4
0x9e761ad88299b11b301faa5031b74871e9b6846129ecea8092428e117fc86227,24433077,2026-02-11 10:57:23,0x406d78220203D44e89F02633f12F1F68e8B2CDbc,0xd8dA6BF26964aF9D7eEd9e03E53415D37aA96045,1e-08,2.57730243116e-06,ok,coin_transfer,0x0836d364
0x767964464d72436f2af9ff9a340554075b3ead3d8c785d23ec7e328e78f6a1d7,24433076,2026-02-11 10:57:11,0x406DD8e4A1d2e45056550DaD89a4893208C2cdbC,0xd8dA6BF26964aF9D7eEd9e03E53415D37aA96045,1e-09,1.997651043516e-06,ok,coin_transfer,
0x04af429233d7bff8538e874a6b36e299803bf487fb2045803aff083338216b96,24433071,2026-02-11 10:56:11,0x406DA1154F16728d546C7b2c2A3Da8a208c2CdbC,0xd8dA6BF26964aF9D7eEd9e03E53415D37aA96045,1e-09,2.004864378338e-06,ok,coin_transfer,
0x751120f892f594f6eae405f1c5b616285b7b731a1375325f213faac65ef38969,24433068,2026-02-11 10:55:35,0xd8dA6BF26964aF9D7eEd9e03E53415D37aA96045,0xA0b86991c6218b36c1d19D4a2e9Eb0cE3606eB48,0.0,6.69833988436e-06,ok,contract_call,transfer
0xa22f571637b59f79c60f0369a77f4645a65f91a53610af9b43bbb7430dad462b,24421179,2026-02-09 19:03:59,0x15c7377dCd29D256a4c8a40543d001C3A0714A7f,0xd8dA6BF26964aF9D7eEd9e03E53415D37aA96045,0.0001,4.6147756027614e-05,ok,coin_transfer,
0xa1f008377df76027aefc559f8dc1fc87dc1590e43526192faaf0e67127ce12c6,24414894,2026-02-08 21:59:35,0x5255Bc25bD0F0f7614155B7692DCDF51Afa3a5E3,0xd8dA6BF26964aF9D7eEd9e03E53415D37aA96045,1e-07,2.1989940813146e-05,ok,coin_transfer,
0x0cb79b407da45f49d8cc91a1b13e8b0f65b649e67c0e103362e4ffea2aa93f02,24408843,2026-02-08 01:33:47,0x3C7776eD1938DFe9905eF0760019DbeC4bd641aB,0xd8dA6BF26964aF9D7eEd9e03E53415D37aA96045,1e-09,1.838771236608e-06,ok,coin_transfer,
0x14d472573367bdbf05a20099f3890e121c79811e1c7486490186a5c6f0f6caa2,24408829,2026-02-08 01:30:59,0x3C77c73FEAf9A35564119E4c11C83BbBA35C41aB,0xd8dA6BF26964aF9D7eEd9e03E53415D37aA96045,1e-07,2.19692751368e-06,ok,coin_transfer,
0x64fa6027ec0197181fe27088f52344eceba00a570ac6d297866e6895e7d72aad,24408519,2026-02-08 00:27:11,0x3C7776eD1938DFe9905eF0760019DbeC4bd641aB,0xd8dA6BF26964aF9D7eEd9e03E53415D37aA96045,1e-09,1.63426724123e-06,ok,coin_transfer,
0x860540721ae297559b26e3aec015ffd0f2e3d9d26cc101a30107cfb55086f7df,24408508,2026-02-08 00:24:59,0x3C77c73FEAf9A35564119E4c11C83BbBA35C41aB,0xd8dA6BF26964aF9D7eEd9e03E53415D37aA96045,1e-07,1.885256502824e-06,ok,coin_transfer,
0x2c0fe61f80a1bff3924b35d412d6dc4b6cbd033318bac79e72a7bd90d37e81f9,24408239,2026-02-07 23:30:35,0xea95d5D5Ef879D50711855Ed9b012d91101780C8,0xd8dA6BF26964aF9D7eEd9e03E53415D37aA96045,1e-08,2.0669370705048e-05,ok,coin_transfer,
0x30c4ca6e1c342c9538464b457cfc4a91316375fd3cb52dcb5b1e960f963b1ac2,24408197,2026-02-07 23:21:47,0xea95d5D5Ef879D50711855Ed9b012d91101780C8,0xd8dA6BF26964aF9D7eEd9e03E53415D37aA96045,6e-09,2.0485818787092e-05,ok,coin_transfer,
0x6d9e296f5880a91fc5d3791167aae70317d305dc275e4e6d15ad61098d5df2de,24398720,2026-02-06 15:36:35,0x81EA4F3505Bf366F87a84F9CFf55226CF4A4E98d,0xd8dA6BF26964aF9D7eEd9e03E53415D37aA96045,1.033e-05,1.949226659592e-05,ok,coin_transfer,0x48656c6c
0x5b0d81bab4af24e07c797e193bdc988b80d232fa9614215efbebcbf589b1b898,24391001,2026-02-05 13:43:47,0xF8fc9A91349eBd2033d53F2B97245102f00ABa96,0xd8dA6BF26964aF9D7eEd9e03E53415D37aA96045,0.000505,4.7155498420878e-05,ok,coin_transfer,
0x92434a4685614ce4d30b20e905587c7174909ff498def2447d20c695321b383d,24389810,2026-02-05 09:43:23,0xb063b093F7Cd53165B4E7d32FF85803AE0572ea9,0xd8dA6BF26964aF9D7eEd9e03E53415D37aA96045,1e-09,3.81116921593e-06,ok,coin_transfer,
0x913636ad0b35bd643cdb81a165125a643bd76e8655440f960a8bef43bfee3c1a,24359893,2026-02-01 05:21:47,0xF8fc9A91349eBd2033d53F2B97245102f00ABa96,0xd8dA6BF26964aF9D7eEd9e03E53415D37aA96045,2.022026e-05,2.275497261666e-05,ok,coin_transfer,
0x05ba4ddef39235564942c44ccf943500b982ce8fb38719491a5d683173a76391,24356474,2026-01-31 17:53:35,0xF8fc9A91349eBd2033d53F2B97245102f00ABa96,0xd8dA6BF26964aF9D7eEd9e03E53415D37aA96045,0.0003101,0.00020296252141141,ok,coin_transfer,
0x1fd61d1067de6e9724c09689ed385057c181d9f3c92c5f1188921f440aedff5a,24354284,2026-01-31 10:33:11,0xF8fCc291990c83536963C892B52b1442F00AbA96,0xd8dA6BF26964aF9D7eEd9e03E53415D37aA96045,3.1011994e-07,1.86236017112e-06,ok,coin_transfer,
0xbd2a23052f6939a20a6b90305f383e9e9ca1c275e9d76e48c502a1121e52a662,24354282,2026-01-31 10:32:47,0xF8fc9A91349eBd2033d53F2B97245102f00ABa96,0xd8dA6BF26964aF9D7eEd9e03E53415D37aA96045,0.0031011994,2.2960540622154e-05,ok,coin_transfer,
0xd1c84c52d163da645d84249419e65d6d7c401e7d6e35a049468c0fa6b99d3344,24341946,2026-01-29 17:16:23,0xd8dA6BF26964aF9D7eEd9e03E53415D37aA96045,0x5256d6d94eD14667fa1661a99F5B142B1e051B8e,0.0,0.000118475093384118,ok,contract_call,execTransaction
0x47ae09af3f55c2cb3964b86d9c24463763d559f7f1af34b0ec6fedc5f70e099e,24341800,2026-01-29 16:47:11,0xd8dA6BF26964aF9D7eEd9e03E53415D37aA96045,0x5256d6d94eD14667fa1661a99F5B142B1e051B8e,0.0,0.00016902558662797,ok,contract_call,execTransaction
0xc170a260989474fb5b814236d223ba7ba7a78dced269cb41e2e49242c6db8386,24341581,2026-01-29 16:03:11,0xd8dA6BF26964aF9D7eEd9e03E53415D37aA96045,0x5256d6d94eD14667fa1661a99F5B142B1e051B8e,0.0,0.00032708947664195,ok,contract_call,execTransaction
0xdbd70e5cbc02a3b2298fafc266370249ab85c34a16877025dff8829e86f64500,24339540,2026-01-29 09:13:47,0x7ce472D89B115E22aefA59a1C15D439d2E7f9227,0xd8dA6BF26964aF9D7eEd9e03E53415D37aA96045,1e-07,1.167291234602e-06,ok,coin_transfer,
0x4c8ea897737957bcaa9c51992c56f87c69141b24c593883123037a67f2da7903,24339536,2026-01-29 09:12:59,0x7ce57bA8C8413a742d246b008985e39016427227,0xd8dA6BF26964aF9D7eEd9e03E53415D37aA96045,0.0001,1.668945171308e-06,ok,coin_transfer,
0xb3ebeebdbca377a740613054919a0cb131274b734d92c70884484fd1b98cf260,24304764,2026-01-24 12:50:11,0xdaE49F6644b0f064F6d469F21AFB9bb1321d9f67,0xd8dA6BF26964aF9D7eEd9e03E53415D37aA96045,0.0,7.271104493672e-05,ok,contract_call,0x64617461
0xa9f98c4c0c8a8c85a278eca1b2f4945aa926fcf6a819720cefe9145380c54784,24300809,2026-01-23 23:36:23,0xEF96d04B59b1aCf203d654102d5645c95309A8C5,0xd8dA6BF26964aF9D7eEd9e03E53415D37aA96045,3.3e-05,4.165930664616e-05,ok,coin_transfer,0x74686520
0x6892bbaa3cc2fe0c3ad9f681be77a83a1ec6021554422689a18b76f2445b1648,24293196,2026-01-22 22:05:11,0xbd7C80448E8652fC240638C19dE4d345C01E9D79,0xd8dA6BF26964aF9D7eEd9e03E53415D37aA96045,1e-07,1.24305902048e-06,ok,coin_transfer,
0x91142db88bc5343e4f9fe2fc3d3fe7b3bb1ca6164b44b51b08fd8d9184b1f58f,24293193,2026-01-22 22:04:35,0xbD7C8e461f108079ef0c8B82286f7D45C01e9d79,0xd8dA6BF26964aF9D7eEd9e03E53415D37aA96045,0.0001,4.3373251079984e-05,ok,coin_transfer,
0x3effd5f2d1b89836baa7f2b34afad1bd85286df3c29b6417e10def132083ccd7,24289888,2026-01-22 11:00:11,0x6E5140D9c21A8Ff7b84e7A5083E5C2c4f30Ca669,0xd8dA6BF26964aF9D7eEd9e03E53415D37aA96045,1e-06,7.568566514e-07,ok,coin_transfer,
0xf2160bf18d74f4d4921688957563cdf6b267e1085fd598750bf5509baabdfbf8,24289267,2026-01-22 08:55:23,0x7DB4Ae157E1e0B5bfDFd580d28CC3F8d1aC0b303,0xd8dA6BF26964aF9D7eEd9e03E53415D37aA96045,5.2970081627366e-05,1.252889645794e-06,ok,coin_transfer,
0xc38554c51e340f61ac9b181900381369e3705d1708a6538968250b8223c23dc5,24287879,2026-01-22 04:16:23,0xd8dA6BF26964aF9D7eEd9e03E53415D37aA96045,0xfEB016D0D14AC0Fa6d69199608B0776d007203B2,0.0,4.494809718824e-06,ok,contract_call,execTransaction
0xeb12e3a8c3f303221def9badc2c0cf99fabd7557f253d65be76f2487b9418fbe,24285905,2026-01-21 21:38:47,0x1A33B3d98BB95206Cd1749192B1ad0215FdBF7ac,0xd8dA6BF26964aF9D7eEd9e03E53415D37aA96045,0.0,3.591144858e-06,error,contract_call,
0xd34298b121854454ed5c2217ceeef017ea135bc6ac6714258ae1ba1e03d0c1ac,24285905,2026-01-21 21:38:47,0x1A33B3d98BB95206Cd1749192B1ad0215FdBF7ac,0xd8dA6BF26964aF9D7eEd9e03E53415D37aA96045,0.0,3.591144858e-06,error,contract_call,
